level,target,detail
folder_unparsed,Bell_WCMC_CR10.16.21_TR1,date_found=True mag_found=False
folder_unparsed,Bell_WCMC_CR10.16.21_TR1-PP,date_found=True mag_found=False
folder_unparsed,Burncoat_WCMC_CR10.16.21_TR1,date_found=True mag_found=False
folder_unparsed,Burncoat_WCMC_CR10.16.21_TR1-PP,date_found=True mag_found=False
folder_unparsed,CoesPond_WCMC_CR10.16.21_TR1,date_found=True mag_found=False
folder_unparsed,CoesPond_WCMC_CR10.16.21_TR1-pp,date_found=True mag_found=False
folder_unparsed,CoesRes_WCMC_CR10.16.21_TR1,date_found=True mag_found=False
folder_unparsed,CoesRes_WCMC_CR10.16.21_TR1-PP,date_found=True mag_found=False
folder_unparsed,Cooks_WCMC_CR10.16.21_TR1,date_found=True mag_found=False
folder_unparsed,Cooks_WCMC_CR10.16.21_TR1-PP,date_found=True mag_found=False
folder_unparsed,Curtis_WCMC_CR10.16.21_TR1,date_found=True mag_found=False
folder_unparsed,Curtis_WCMC_CR10.16.21_TR1-PP,date_found=True mag_found=False
folder_unparsed,FarmPond_WCMC_CR9.30.21_TR1,date_found=True mag_found=False
folder_unparsed,Farm_WCMC_CR10.16.21_TR1,date_found=True mag_found=False
folder_unparsed,Farm_WCMC_CR10.16.21_TR1-PP,date_found=True mag_found=False
folder_unparsed,Flint_WCMC_CR10.16.21_TR1,date_found=True mag_found=False
folder_unparsed,Flint_WCMC_CR10.16.21_TR1-PP,date_found=True mag_found=False
folder_unparsed,Indian_WCMC_CR10.16.21_TR1,date_found=True mag_found=False
folder_unparsed,Indian_WCMC_CR10.16.21_TR1-PP,date_found=True mag_found=False
folder_unparsed,Kiver_WCMC_CR10.16.21_TR2,date_found=True mag_found=False
folder_unparsed,Kiver_WCMC_CR10.16.21_TR2-PP,date_found=True mag_found=False
folder_unparsed,Leeseville_WCMC_CR10.16.21_TR1,date_found=True mag_found=False
folder_unparsed,Leeseville_WCMC_CR10.16.21_TR1-PP,date_found=True mag_found=False
folder_unparsed,LittleIndian_WCMC_CR10.16.21_TR1,date_found=True mag_found=False
folder_unparsed,LittleIndian_WCMC_CR10.16.21_TR1-PP,date_found=True mag_found=False
folder_unparsed,Manchaug_WCMC_CR10.16.21_TR1,date_found=True mag_found=False
folder_unparsed,Manchaug_WCMC_CR10.16.21_TR1-PP,date_found=True mag_found=False
folder_unparsed,Newton_WCMC_CR10.16.21_TR1,date_found=True mag_found=False
folder_unparsed,Newton_WCMC_CR10.16.21_TR1-PP,date_found=True mag_found=False
folder_excluded,Patch Pond IMPORT TEST,known test/scratch folder
folder_unparsed,Quinsig_WCMC_CR10.16.21_TR1,date_found=True mag_found=False
folder_unparsed,Quinsig_WCMC_CR10.16.21_TR1-PP,date_found=True mag_found=False
folder_unparsed,Salisbury_WCMC_CR10.16.21_TR1,date_found=True mag_found=False
folder_unparsed,Salisbury_WCMC_CR10.16.21_TR1-PP,date_found=True mag_found=False
folder_unparsed,Stoneville_WCMC_CR10.16.21_TR1,date_found=True mag_found=False
folder_unparsed,Stoneville_WCMC_CR10.16.21_TR1-PP,date_found=True mag_found=False
folder_unparsed,University_WCMC_CR10.16.21_TR1,date_found=True mag_found=False
folder_unparsed,University_WCMC_CR10.16.21_TR1-PP,date_found=True mag_found=False
